file_name,category,source_title,artist,license,commons_page
images/aircraft/001-F-22-Flaring-Cherry-Festival-jpg.jpg,aircraft,File:F-22 Flaring Cherry Festival.jpg,Huntsmanleader,CC BY 4.0,https://commons.wikimedia.org/wiki/File:F-22_Flaring_Cherry_Festival.jpg
images/aircraft/002-GeoFS-F22-Raptor-png.png,aircraft,File:GeoFS F22 Raptor.png,TODD ( GEOFS GUY ),CC0,https://commons.wikimedia.org/wiki/File:GeoFS_F22_Raptor.png
images/aircraft/003-GeoFS-FA18-Super-Hornet-png.png,aircraft,File:GeoFS FA18 Super Hornet.png,TODD ( GEOFS GUY ),CC0,https://commons.wikimedia.org/wiki/File:GeoFS_FA18_Super_Hornet.png
images/aircraft/004-HALTEDBFAeroindia2021-png.png,aircraft,File:HALTEDBFAeroindia2021.png,Josh097,CC BY-SA 4.0,https://commons.wikimedia.org/wiki/File:HALTEDBFAeroindia2021.png
images/aircraft/005-Havac-l-k-ve-Uzay-jpg.jpg,aircraft,File:Havacılık ve Uzay.jpg,Yusuf Küçük,CC BY-SA 4.0,https://commons.wikimedia.org/wiki/File:Havac%C4%B1l%C4%B1k_ve_Uzay.jpg
images/aircraft/006-J50MOCKUP-jpg.jpg,aircraft,File:J50MOCKUP.jpg,Dan3031949,CC BY-SA 4.0,https://commons.wikimedia.org/wiki/File:J50MOCKUP.jpg
images/aircraft/007-MiG-29K-9-41-jpg.jpg,aircraft,File:MiG-29K 9.41.jpg,Mariusz Wojciechowski,CC0,https://commons.wikimedia.org/wiki/File:MiG-29K_9.41.jpg
images/aircraft/008-Mikoyan-Gurevich-MiG-21-2026-01-17-jpg.jpg,aircraft,File:Mikoyan-Gurevich MiG-21 2026-01-17.jpg,Binary hex,CC BY 4.0,https://commons.wikimedia.org/wiki/File:Mikoyan-Gurevich_MiG-21_2026-01-17.jpg
images/aircraft/011-SGR-01-png.png,aircraft,File:SGR-01.png,Shubham G.Rathod,CC BY-SA 4.0,https://commons.wikimedia.org/wiki/File:SGR-01.png
images/aircraft/012-Su-47Zhukovsky-International-Airport-png.png,aircraft,File:Su-47Zhukovsky International Airport.png,Kalleeee21,CC BY-SA 4.0,https://commons.wikimedia.org/wiki/File:Su-47Zhukovsky_International_Airport.png
images/helicopter/001-1-214th-General-Support-Aviation-Battalion-Aerial-Gunnery-Qu.jpg,helicopter,File:1-214th General Support Aviation Battalion Aerial Gunnery Qualification And Medical Evacuation Training (7148971).jpg,U.S. Army TSAE by Michele Wiencek,Public domain,https://commons.wikimedia.org/wiki/File:1-214th_General_Support_Aviation_Battalion_Aerial_Gunnery_Qualification_And_Medical_Evacuation_Training_(7148971).jpg
images/helicopter/002-1-214th-General-Support-Aviation-Battalion-Aerial-Gunnery-Qu.jpg,helicopter,File:1-214th General Support Aviation Battalion Aerial Gunnery Qualification And Medical Evacuation Training (7148972).jpg,U.S. Army TSAE by Michele Wiencek,Public domain,https://commons.wikimedia.org/wiki/File:1-214th_General_Support_Aviation_Battalion_Aerial_Gunnery_Qualification_And_Medical_Evacuation_Training_(7148972).jpg
images/helicopter/003-10th-SFG-A-during-Trojan-Footprint-24-8305890-jpg.jpg,helicopter,File:10th SFG (A) during Trojan Footprint 24 (8305890).jpg,U.S. Army photo by Staff Sgt. Evan Cooper,Public domain,https://commons.wikimedia.org/wiki/File:10th_SFG_(A)_during_Trojan_Footprint_24_(8305890).jpg
images/helicopter/004-10th-SFG-A-during-Trojan-Footprint-24-8305901-jpg.jpg,helicopter,File:10th SFG (A) during Trojan Footprint 24 (8305901).jpg,U.S. Army photo by Staff Sgt. Evan Cooper,Public domain,https://commons.wikimedia.org/wiki/File:10th_SFG_(A)_during_Trojan_Footprint_24_(8305901).jpg
images/helicopter/005-10th-SFG-A-during-Trojan-Footprint-24-8305914-jpg.jpg,helicopter,File:10th SFG (A) during Trojan Footprint 24 (8305914).jpg,U.S. Army photo by Staff Sgt. Evan Cooper,Public domain,https://commons.wikimedia.org/wiki/File:10th_SFG_(A)_during_Trojan_Footprint_24_(8305914).jpg
images/helicopter/006-130714-O-ZZ999-003-AU-9305239467-jpg.jpg,helicopter,File:130714-O-ZZ999-003-AU (9305239467).jpg,U.S. Department of Defense Current Photos,Public domain,https://commons.wikimedia.org/wiki/File:130714-O-ZZ999-003-AU_(9305239467).jpg
images/helicopter/007-170708-N-WY954-210-cropped-jpg.jpg,helicopter,File:170708-N-WY954-210 (cropped).jpg,Petty Officer 2nd Class Robin Peak,Public domain,https://commons.wikimedia.org/wiki/File:170708-N-WY954-210_(cropped).jpg
images/helicopter/008-1st-CAB-and-NATO-eFP-Battle-Group-Latvia-Conducts-Joint-Forc.jpg,helicopter,File:1st CAB and NATO eFP Battle Group-Latvia Conducts Joint Force Exercise (6607104).jpg,U.S. Army CAB-1ID by Capt. Billy Lacroix,Public domain,https://commons.wikimedia.org/wiki/File:1st_CAB_and_NATO_eFP_Battle_Group-Latvia_Conducts_Joint_Force_Exercise_(6607104).jpg
images/helicopter/009-1st-CAB-and-NATO-eFP-Battle-Group-Latvia-Conducts-Joint-Forc.jpg,helicopter,File:1st CAB and NATO eFP Battle Group-Latvia Conducts Joint Force Exercise (6607106).jpg,U.S. Army CAB-1ID by Capt. Billy Lacroix,Public domain,https://commons.wikimedia.org/wiki/File:1st_CAB_and_NATO_eFP_Battle_Group-Latvia_Conducts_Joint_Force_Exercise_(6607106).jpg
images/helicopter/010-25th-Polish-Air-Cavalry-Brigade-Leader-Engagement-8428960-jp.jpg,helicopter,File:25th (Polish) Air Cavalry Brigade Leader Engagement (8428960).jpg,U.S. Army CAB-1ID by Capt. Jordan Beagle,Public domain,https://commons.wikimedia.org/wiki/File:25th_(Polish)_Air_Cavalry_Brigade_Leader_Engagement_(8428960).jpg
images/helicopter/011-3-2-Soldiers-conduct-MEDEVAC-training-with-Polish-15th-MB-62.jpg,helicopter,File:3-2 Soldiers conduct MEDEVAC training with Polish 15th MB (6252181).jpg,U.S. Army photo by Cpl. Justin Stafford,Public domain,https://commons.wikimedia.org/wiki/File:3-2_Soldiers_conduct_MEDEVAC_training_with_Polish_15th_MB_(6252181).jpg
images/helicopter/012-36-AS-JGSDF-conduct-airdrops-over-Sendai-8583881-jpg.jpg,helicopter,"File:36 AS, JGSDF conduct airdrops over Sendai (8583881).jpg",U.S. Air Force photo by Senior Airman Jacob Wood,Public domain,"https://commons.wikimedia.org/wiki/File:36_AS,_JGSDF_conduct_airdrops_over_Sendai_(8583881).jpg"
images/helicopter/013-AFN-Bavaria-Tours-Hohenfels-Training-Area-7658304-jpg.jpg,helicopter,File:AFN Bavaria Tours Hohenfels Training Area (7658304).jpg,U.S. Army photo by Spc. Emma Roberts,Public domain,https://commons.wikimedia.org/wiki/File:AFN_Bavaria_Tours_Hohenfels_Training_Area_(7658304).jpg
images/helicopter/014-Army-Aviation-and-Allied-Partners-Conduct-Media-Day-in-Finla.jpg,helicopter,File:Army Aviation and Allied Partners Conduct Media Day in Finland (7357106).jpg,U.S. Army National Guard photo by Sgt. Agustin Montanez,Public domain,https://commons.wikimedia.org/wiki/File:Army_Aviation_and_Allied_Partners_Conduct_Media_Day_in_Finland_(7357106).jpg
images/helicopter/015-Army-Aviation-and-Allied-Partners-Conduct-Media-Day-in-Finla.jpg,helicopter,File:Army Aviation and Allied Partners Conduct Media Day in Finland (7357107).jpg,U.S. Army National Guard photo by Sgt. Agustin Montanez,Public domain,https://commons.wikimedia.org/wiki/File:Army_Aviation_and_Allied_Partners_Conduct_Media_Day_in_Finland_(7357107).jpg
images/helicopter/016-Army-Aviation-and-Allied-Partners-Conduct-Media-Day-in-Finla.jpg,helicopter,File:Army Aviation and Allied Partners Conduct Media Day in Finland (7357108).jpg,U.S. Army National Guard photo by Sgt. Agustin Montanez,Public domain,https://commons.wikimedia.org/wiki/File:Army_Aviation_and_Allied_Partners_Conduct_Media_Day_in_Finland_(7357108).jpg
images/helicopter/017-Army-Aviation-and-Allied-Partners-Conduct-Media-Day-in-Finla.jpg,helicopter,File:Army Aviation and Allied Partners Conduct Media Day in Finland (7357109).jpg,U.S. Army National Guard photo by Sgt. Agustin Montanez,Public domain,https://commons.wikimedia.org/wiki/File:Army_Aviation_and_Allied_Partners_Conduct_Media_Day_in_Finland_(7357109).jpg
images/helicopter/018-Army-Aviation-and-Allied-Partners-Conduct-Media-Day-in-Finla.jpg,helicopter,File:Army Aviation and Allied Partners Conduct Media Day in Finland (7357110).jpg,U.S. Army National Guard photo by Sgt. Agustin Montanez,Public domain,https://commons.wikimedia.org/wiki/File:Army_Aviation_and_Allied_Partners_Conduct_Media_Day_in_Finland_(7357110).jpg
images/helicopter/019-Army-Aviation-Conducts-Cultural-Exchange-Flight-in-Finland-7.jpg,helicopter,File:Army Aviation Conducts Cultural-Exchange Flight in Finland (7360365).jpg,U.S. Army National Guard photo by Sgt. Agustin Montanez,Public domain,https://commons.wikimedia.org/wiki/File:Army_Aviation_Conducts_Cultural-Exchange_Flight_in_Finland_(7360365).jpg
images/helicopter/020-Army-Aviation-Conducts-Cultural-Exchange-Flight-in-Finland-7.jpg,helicopter,File:Army Aviation Conducts Cultural-Exchange Flight in Finland (7360366).jpg,U.S. Army National Guard photo by Sgt. Agustin Montanez,Public domain,https://commons.wikimedia.org/wiki/File:Army_Aviation_Conducts_Cultural-Exchange_Flight_in_Finland_(7360366).jpg
images/helicopter/021-Army-Aviation-Conducts-Cultural-Exchange-Flight-in-Finland-7.jpg,helicopter,File:Army Aviation Conducts Cultural-Exchange Flight in Finland (7360367).jpg,U.S. Army National Guard photo by Sgt. Agustin Montanez,Public domain,https://commons.wikimedia.org/wiki/File:Army_Aviation_Conducts_Cultural-Exchange_Flight_in_Finland_(7360367).jpg
images/helicopter/022-Bulgariain-special-operations-forces-soldier-fastlines-durin.jpg,helicopter,File:Bulgariain special operations forces soldier fastlines during Trojan Footprint 24 (8271301).jpg,Sgt. Alejandro Lucero,Public domain,https://commons.wikimedia.org/wiki/File:Bulgariain_special_operations_forces_soldier_fastlines_during_Trojan_Footprint_24_(8271301).jpg
images/helicopter/023-CH-47-Chinook-Training-7348877-jpg.jpg,helicopter,File:CH-47 Chinook Training (7348877).jpg,U.S. Army 105MPAD by Pfc. Joshua Linfoot,Public domain,https://commons.wikimedia.org/wiki/File:CH-47_Chinook_Training_(7348877).jpg
images/helicopter/024-Danish-Sailors-Visit-USS-Wasp-LHD-1-8474793-jpg.jpg,helicopter,File:Danish Sailors Visit USS Wasp (LHD 1) (8474793).jpg,U.S. Navy photo by Chief Petty Officer Darren Moore,Public domain,https://commons.wikimedia.org/wiki/File:Danish_Sailors_Visit_USS_Wasp_(LHD_1)_(8474793).jpg
images/helicopter/025-Defender-Europe-22-Multi-National-STX-7253528-jpg.jpg,helicopter,File:Defender Europe 22 Multi National STX (7253528).jpg,U.S. Army photo by Capt. Tobias Cukale,Public domain,https://commons.wikimedia.org/wiki/File:Defender_Europe_22_Multi_National_STX_(7253528).jpg
images/helicopter/026-European-Best-Sniper-Team-Competition-2024-8573682-jpg.jpg,helicopter,File:European Best Sniper Team Competition 2024 (8573682).jpg,U.S. Army photo by Pfc. Jaimee Perez,Public domain,https://commons.wikimedia.org/wiki/File:European_Best_Sniper_Team_Competition_2024_(8573682).jpg
images/helicopter/027-Exercise-Northern-Strike-2025-in-Michigan-August-2025-14-jpg.jpg,helicopter,"File:Exercise Northern Strike 2025 in Michigan, August 2025 - 14.jpg",The National Guard,CC BY 4.0,"https://commons.wikimedia.org/wiki/File:Exercise_Northern_Strike_2025_in_Michigan,_August_2025_-_14.jpg"
images/helicopter/028-Kalundborg-port-operation-for-DEFENDER-24-8360284-jpg.jpg,helicopter,File:Kalundborg port operation for DEFENDER 24 (8360284).jpg,U.S. Army photo by Elena Baladelli,Public domain,https://commons.wikimedia.org/wiki/File:Kalundborg_port_operation_for_DEFENDER_24_(8360284).jpg
images/helicopter/029-KFOR-RC-E-Aviation-conducts-multiship-training-6323039-jpg.jpg,helicopter,File:KFOR RC-E Aviation conducts multiship training (6323039).jpg,U.S. Army National Guard photo by Capt. Adam Wehrle,Public domain,https://commons.wikimedia.org/wiki/File:KFOR_RC-E_Aviation_conducts_multiship_training_(6323039).jpg
images/helicopter/030-Saber-Junction-24-8617881-jpg.jpg,helicopter,File:Saber Junction 24 (8617881).jpg,U.S. Army photo by Pfc. Jaimee Perez,Public domain,https://commons.wikimedia.org/wiki/File:Saber_Junction_24_(8617881).jpg
images/drone/002-22-B-Log-L-Aerom-vel-Drone-jpg.jpg,drone,File:22º B Log L - Aeromóvel - Drone.jpg,22º B Log L,CC BY-SA 4.0,https://commons.wikimedia.org/wiki/File:22%C2%BA_B_Log_L_-_Aerom%C3%B3vel_-_Drone.jpg
images/drone/003-3D-Printed-Precision-U-S-Army-Leverages-FPV-and-Delivery-Dro.jpg,drone,File:3D Printed Precision- U S Army Leverages FPV and Delivery Drones During Agile Spirit 25 (9234077).jpg,U.S. Army National Guard photo by Sgt. 1st Class Brittany Conley,Public domain,https://commons.wikimedia.org/wiki/File:3D_Printed_Precision-_U_S_Army_Leverages_FPV_and_Delivery_Drones_During_Agile_Spirit_25_(9234077).jpg
images/drone/004-3D-Printed-Precision-U-S-Army-Leverages-FPV-and-Delivery-Dro.jpg,drone,File:3D Printed Precision- U S Army Leverages FPV and Delivery Drones During Agile Spirit 25 (9234078).jpg,U.S. Army National Guard photo by Sgt. 1st Class Brittany Conley,Public domain,https://commons.wikimedia.org/wiki/File:3D_Printed_Precision-_U_S_Army_Leverages_FPV_and_Delivery_Drones_During_Agile_Spirit_25_(9234078).jpg
images/drone/005-A-drone-hovers-above-a-quiet-suburban-street-jpg.jpg,drone,File:A drone hovers above a quiet suburban street.jpg,Shixart1985,CC BY 2.0,https://commons.wikimedia.org/wiki/File:A_drone_hovers_above_a_quiet_suburban_street.jpg
images/drone/006-A-drone-hovers-in-mid-air-while-an-individual-stands-nearby.jpg,drone,"File:A drone hovers in mid-air while an individual stands nearby, skillfully controlling it with a remote.jpg",Shixart1985,CC BY 2.0,"https://commons.wikimedia.org/wiki/File:A_drone_hovers_in_mid-air_while_an_individual_stands_nearby,_skillfully_controlling_it_with_a_remote.jpg"
images/drone/007-A-drone-is-airborne-above-a-bright-yellow-building-in-a-resi.jpg,drone,File:A drone is airborne above a bright yellow building in a residential neighborhood.jpg,Shixart1985,CC BY 2.0,https://commons.wikimedia.org/wiki/File:A_drone_is_airborne_above_a_bright_yellow_building_in_a_residential_neighborhood.jpg
images/drone/009-A-person-stands-on-a-sidewalk-using-a-drone-controller-to-na.jpg,drone,"File:A person stands on a sidewalk, using a drone controller to navigate their device.jpg",Shixart1985,CC BY 2.0,"https://commons.wikimedia.org/wiki/File:A_person_stands_on_a_sidewalk,_using_a_drone_controller_to_navigate_their_device.jpg"
images/drone/010-A-team-of-technicians-prepares-for-the-inaugural-flight-of-a.jpg,drone,"File:A team of technicians prepares for the inaugural flight of an Unmanned-Unarmed Aerial Vehicles (UAV) in Goma, North Kivu province (11189522286)-1~4.jpg",MONUSCO/Sylvain Liechti,CC BY-SA 2.0,"https://commons.wikimedia.org/wiki/File:A_team_of_technicians_prepares_for_the_inaugural_flight_of_an_Unmanned-Unarmed_Aerial_Vehicles_(UAV)_in_Goma,_North_Kivu_province_(11189522286)-1~4.jpg"
images/drone/012-Aerodyne-drone-1-jpg.jpg,drone,File:Aerodyne drone 1.jpg,Kistara,CC0,https://commons.wikimedia.org/wiki/File:Aerodyne_drone_1.jpg
images/drone/013-AI-Expo-2025-9100340-jpg.jpg,drone,File:AI+ Expo 2025 (9100340).jpg,U.S. Marine Corps photo by Sgt. Matthew Romonoyske-Bean,Public domain,https://commons.wikimedia.org/wiki/File:AI%2B_Expo_2025_(9100340).jpg
images/drone/014-Albatroz-na-Drone-Show-jpg.jpg,drone,File:Albatroz na Drone Show.jpg,VitorAquino334,CC BY-SA 4.0,https://commons.wikimedia.org/wiki/File:Albatroz_na_Drone_Show.jpg
images/drone/015-Am-Rand-des-Eises-Philipp-Egger-jpg.jpg,drone,File:Am Rand des Eises - Philipp Egger.jpg,Philipp Egger,CC BY-SA 4.0,https://commons.wikimedia.org/wiki/File:Am_Rand_des_Eises_-_Philipp_Egger.jpg
images/drone/016-Antigravity-A1-Drone-jpg.jpg,drone,File:Antigravity A1 Drone.jpg,TaurusEmerald,CC BY-SA 4.0,https://commons.wikimedia.org/wiki/File:Antigravity_A1_Drone.jpg
images/drone/017-BETA-UAS-Omnibe-jpg.jpg,drone,File:BETA UAS Omnibe.jpg,E. I. Dinazar,CC BY-SA 4.0,https://commons.wikimedia.org/wiki/File:BETA_UAS_Omnibe.jpg
images/drone/022-CDFP-Windtunnel-jpg.jpg,drone,File:CDFP Windtunnel.jpg,Kumar Neetesh,CC BY-SA 4.0,https://commons.wikimedia.org/wiki/File:CDFP_Windtunnel.jpg
images/drone/023-CDRW-on-Runway-png.png,drone,File:CDRW on Runway.png,Kumar Neetesh,CC BY-SA 4.0,https://commons.wikimedia.org/wiki/File:CDRW_on_Runway.png
images/drone/024-CenturaMunicipiuluiSatu-Mare-png.png,drone,File:CenturaMunicipiuluiSatu Mare.png,VargaAlex005,CC BY-SA 4.0,https://commons.wikimedia.org/wiki/File:CenturaMunicipiuluiSatu_Mare.png
images/drone/025-CEREMONIA-MILITAR-DE-ENTREGA-DE-EQUIPAMIENTO-A-LAS-FUERZAS-A.jpg,drone,"File:CEREMONIA MILITAR DE ENTREGA DE EQUIPAMIENTO A LAS FUERZAS ARMADAS, QUITO 16 DE DICIEMBRE DE 2025. - 54987360467.jpg",Presidencia de la República del Ecuador,Public domain,"https://commons.wikimedia.org/wiki/File:CEREMONIA_MILITAR_DE_ENTREGA_DE_EQUIPAMIENTO_A_LAS_FUERZAS_ARMADAS,_QUITO_16_DE_DICIEMBRE_DE_2025._-_54987360467.jpg"
images/drone/026-Cintami-agung-putra-jpg.jpg,drone,File:Cintami agung putra.jpg,Agungputra90,CC0,https://commons.wikimedia.org/wiki/File:Cintami_agung_putra.jpg
images/drone/027-Close-up-of-a-drone-flying-with-people-in-a-blurry-backgroun.jpg,drone,File:Close-up of a drone flying with people in a blurry background.jpg,Shixart1985,CC BY 2.0,https://commons.wikimedia.org/wiki/File:Close-up_of_a_drone_flying_with_people_in_a_blurry_background.jpg
images/drone/028-Concise-en-drone-01-jpg.jpg,drone,File:Concise en drone 01.jpg,Pablodbds,CC BY 4.0,https://commons.wikimedia.org/wiki/File:Concise_en_drone_01.jpg
images/drone/029-Concise-en-drone-02-jpg.jpg,drone,File:Concise en drone 02.jpg,Pablodbds,CC BY 4.0,https://commons.wikimedia.org/wiki/File:Concise_en_drone_02.jpg
images/drone/030-Craig-Milliard-Xwing-flight-test-manager-monitors-an-autonom.jpg,drone,"File:Craig Milliard, Xwing flight test manager, monitors an autonomous flight from the Xwing ground control station at McClellan Airfield in Sacramento, California, January 26, 2024.jpg",Matthew Clouse,Public domain,"https://commons.wikimedia.org/wiki/File:Craig_Milliard,_Xwing_flight_test_manager,_monitors_an_autonomous_flight_from_the_Xwing_ground_control_station_at_McClellan_Airfield_in_Sacramento,_California,_January_26,_2024.jpg"
images/military-vehicle/001-A-huge-motorized-Soviet-convoy-advances-across-the-Grand-Khi.png,military-vehicle,File:A huge motorized Soviet convoy advances across the Grand Khingan Mountain Range in south central Manchuria.png,Semjon Raskin,CC BY-SA 3.0,https://commons.wikimedia.org/wiki/File:A_huge_motorized_Soviet_convoy_advances_across_the_Grand_Khingan_Mountain_Range_in_south_central_Manchuria.png
images/military-vehicle/003-Gunners-conduct-rearm-refuel-and-resupply-point-R3P-LPD-9822.jpg,military-vehicle,"File:Gunners conduct rearm, refuel and resupply point (R3P) LPD (9822395).jpg",U.S. Army photo by 1st Lt. Bryan Kott,Public domain,"https://commons.wikimedia.org/wiki/File:Gunners_conduct_rearm,_refuel_and_resupply_point_(R3P)_LPD_(9822395).jpg"
images/military-vehicle/004-HSTVL-jpg.jpg,military-vehicle,File:HSTVL.jpg,Unknown authorUnknown author,CC0,https://commons.wikimedia.org/wiki/File:HSTVL.jpg
images/military-vehicle/005-Landsverk-L-60-at-Collins-Barracks-jpg.jpg,military-vehicle,File:Landsverk L-60 at Collins Barracks.jpg,Emperor Gibus the 3rd,CC BY 4.0,https://commons.wikimedia.org/wiki/File:Landsverk_L-60_at_Collins_Barracks.jpg
images/military-vehicle/007-Object-184-3-T-72B3-RAE-2013-jpg.jpg,military-vehicle,File:Object 184-3 T-72B3 RAE-2013.jpg,KBM,CC0,https://commons.wikimedia.org/wiki/File:Object_184-3_T-72B3_RAE-2013.jpg
images/military-vehicle/011-AlfredPalmerM3tank1942b-jpg.jpg,military-vehicle,File:AlfredPalmerM3tank1942b.jpg,Alfred T. Palmer,Public domain,https://commons.wikimedia.org/wiki/File:AlfredPalmerM3tank1942b.jpg
images/military-vehicle/012-BMP-1-Zlot-Dar-owo-2009-JPG.jpg,military-vehicle,File:BMP-1 Zlot Darłowo 2009.JPG,"Łukasz Golowanow & Maciek Hypś, Konflikty.pl",Attribution,https://commons.wikimedia.org/wiki/File:BMP-1_Zlot_Dar%C5%82owo_2009.JPG
images/military-vehicle/013-Crew-of-a-Sherman-tank-south-of-Vaucelles-jpg.jpg,military-vehicle,File:Crew of a Sherman-tank south of Vaucelles.jpg,Unknown authorUnknown author,Public domain,https://commons.wikimedia.org/wiki/File:Crew_of_a_Sherman-tank_south_of_Vaucelles.jpg
images/military-vehicle/014-Dutch-Panzerhaubitz-fires-in-Afghanistan-jpg.jpg,military-vehicle,File:Dutch Panzerhaubitz fires in Afghanistan.jpg,Gerben van Es/Ministerie van Defensie,CC BY-SA 4.0,https://commons.wikimedia.org/wiki/File:Dutch_Panzerhaubitz_fires_in_Afghanistan.jpg
images/military-vehicle/016-2014-Stepanakert-Czo-g-T-72-01-jpg.jpg,military-vehicle,"File:2014 Stepanakert, Czołg T-72 (01).jpg",Marcin Konsek,CC BY-SA 4.0,"https://commons.wikimedia.org/wiki/File:2014_Stepanakert,_Czo%C5%82g_T-72_(01).jpg"
images/military-vehicle/017-2014-Stepanakert-Czo-g-T-72-03-jpg.jpg,military-vehicle,"File:2014 Stepanakert, Czołg T-72 (03).jpg",Marcin Konsek,CC BY-SA 4.0,"https://commons.wikimedia.org/wiki/File:2014_Stepanakert,_Czo%C5%82g_T-72_(03).jpg"
images/military-vehicle/020-At-Museo-Hist-rico-Militar-de-Canarias-2023-419-jpg.jpg,military-vehicle,File:At Museo Histórico Militar de Canarias 2023 419.jpg,Photograph by Mike Peel (www.mikepeel.net).,CC BY-SA 4.0,https://commons.wikimedia.org/wiki/File:At_Museo_Hist%C3%B3rico_Militar_de_Canarias_2023_419.jpg
images/military-vehicle/021-At-Museum-of-American-Armor-2024-087-jpg.jpg,military-vehicle,File:At Museum of American Armor 2024 087.jpg,Photograph by Mike Peel (www.mikepeel.net).,CC BY-SA 4.0,https://commons.wikimedia.org/wiki/File:At_Museum_of_American_Armor_2024_087.jpg
images/military-vehicle/022-At-Museum-of-American-Armor-2024-090-Tiger-I-jpg.jpg,military-vehicle,File:At Museum of American Armor 2024 090 - Tiger I.jpg,Photograph by Mike Peel (www.mikepeel.net).,CC BY-SA 4.0,https://commons.wikimedia.org/wiki/File:At_Museum_of_American_Armor_2024_090_-_Tiger_I.jpg
images/military-vehicle/023-At-Museum-of-American-Armor-2024-096-BA-64-jpg.jpg,military-vehicle,File:At Museum of American Armor 2024 096 - BA-64.jpg,Photograph by Mike Peel (www.mikepeel.net).,CC BY-SA 4.0,https://commons.wikimedia.org/wiki/File:At_Museum_of_American_Armor_2024_096_-_BA-64.jpg
images/military-vehicle/024-At-Museum-of-American-Armor-2024-099-Tiger-I-jpg.jpg,military-vehicle,File:At Museum of American Armor 2024 099 - Tiger I.jpg,Photograph by Mike Peel (www.mikepeel.net).,CC BY-SA 4.0,https://commons.wikimedia.org/wiki/File:At_Museum_of_American_Armor_2024_099_-_Tiger_I.jpg
images/military-vehicle/025-At-Museum-of-American-Armor-2024-106-jpg.jpg,military-vehicle,File:At Museum of American Armor 2024 106.jpg,Photograph by Mike Peel (www.mikepeel.net).,CC BY-SA 4.0,https://commons.wikimedia.org/wiki/File:At_Museum_of_American_Armor_2024_106.jpg
images/military-vehicle/026-At-Museum-of-American-Armor-2024-107-jpg.jpg,military-vehicle,File:At Museum of American Armor 2024 107.jpg,Photograph by Mike Peel (www.mikepeel.net).,CC BY-SA 4.0,https://commons.wikimedia.org/wiki/File:At_Museum_of_American_Armor_2024_107.jpg
images/military-vehicle/027-At-Museum-of-American-Armor-2024-114-jpg.jpg,military-vehicle,File:At Museum of American Armor 2024 114.jpg,Photograph by Mike Peel (www.mikepeel.net).,CC BY-SA 4.0,https://commons.wikimedia.org/wiki/File:At_Museum_of_American_Armor_2024_114.jpg
images/military-vehicle/028-BAHNA-2018-017-jpg.jpg,military-vehicle,File:BAHNA 2018 - 017.jpg,Adam Hauner,CC BY-SA 4.0,https://commons.wikimedia.org/wiki/File:BAHNA_2018_-_017.jpg
images/military-vehicle/029-BAHNA-2018-023-jpg.jpg,military-vehicle,File:BAHNA 2018 - 023.jpg,Adam Hauner,CC BY-SA 4.0,https://commons.wikimedia.org/wiki/File:BAHNA_2018_-_023.jpg
images/military-vehicle/030-BAHNA-2018-024-crop-jpg.jpg,military-vehicle,File:BAHNA 2018 - 024 crop.jpg,Adam Hauner,CC BY-SA 4.0,https://commons.wikimedia.org/wiki/File:BAHNA_2018_-_024_crop.jpg
images/naval/002-200-S-KWG-31-18392362796-jpg.jpg,naval,File:200-S-KWG-31 (18392362796).jpg,National Museum of the U.S. Navy,Public domain,https://commons.wikimedia.org/wiki/File:200-S-KWG-31_(18392362796).jpg
images/naval/003-200-S-KWG-33-17796112674-jpg.jpg,naval,File:200-S-KWG-33 (17796112674).jpg,National Museum of the U.S. Navy,Public domain,https://commons.wikimedia.org/wiki/File:200-S-KWG-33_(17796112674).jpg
images/naval/004-200-S-KWG-35-18230940858-jpg.jpg,naval,File:200-S-KWG-35 (18230940858).jpg,National Museum of the U.S. Navy,Public domain,https://commons.wikimedia.org/wiki/File:200-S-KWG-35_(18230940858).jpg
images/naval/005-20151023-PRTN-2590P-027-2-22421009232-jpg.jpg,naval,File:20151023-PRTN-2590P-027-2 (22421009232).jpg,Allied Joint Force Command Brunssum,CC BY-SA 2.0,https://commons.wikimedia.org/wiki/File:20151023-PRTN-2590P-027-2_(22421009232).jpg
images/naval/006-A-CARINA-undersea-glider-is-prepared-for-launch-aboard-a-mul.jpg,naval,File:A CARINA undersea glider is prepared for launch aboard a multi-purpose craft.jpg,U.S. Navy photo,Public domain,https://commons.wikimedia.org/wiki/File:A_CARINA_undersea_glider_is_prepared_for_launch_aboard_a_multi-purpose_craft.jpg
images/naval/008-Amerikaanse-torpedojagers-Pardy-en-Bristol-te-Amsterdam-Best.jpg,naval,"File:Amerikaanse torpedojagers Pardy en Bristol te Amsterdam, Bestanddeelnr 903-0992.jpg",Ben Merk / Anefo,CC0,"https://commons.wikimedia.org/wiki/File:Amerikaanse_torpedojagers_Pardy_en_Bristol_te_Amsterdam,_Bestanddeelnr_903-0992.jpg"
images/naval/009-Amerikaanse-torpedojagers-Pardy-en-Bristol-te-Amsterdam-Best.jpg,naval,"File:Amerikaanse torpedojagers Pardy en Bristol te Amsterdam, Bestanddeelnr 903-0993.jpg",Ben Merk / Anefo,CC0,"https://commons.wikimedia.org/wiki/File:Amerikaanse_torpedojagers_Pardy_en_Bristol_te_Amsterdam,_Bestanddeelnr_903-0993.jpg"
images/naval/010-Amerikaanse-torpedojagers-Pardy-en-Bristol-te-Amsterdam-Best.jpg,naval,"File:Amerikaanse torpedojagers Pardy en Bristol te Amsterdam, Bestanddeelnr 903-0994.jpg",Ben Merk / Anefo,CC0,"https://commons.wikimedia.org/wiki/File:Amerikaanse_torpedojagers_Pardy_en_Bristol_te_Amsterdam,_Bestanddeelnr_903-0994.jpg"
images/naval/011-ARC-2-Neptune-cable-drums-below-deck-png.png,naval,File:ARC-2 Neptune cable drums below deck.png,"Navy, Bureau of Ships",Public domain,https://commons.wikimedia.org/wiki/File:ARC-2_Neptune_cable_drums_below_deck.png
images/naval/012-ARC-2-Neptune-cable-drums-from-foredeck-png.png,naval,File:ARC-2 Neptune cable drums from foredeck.png,"Navy, Bureau of Ships",Public domain,https://commons.wikimedia.org/wiki/File:ARC-2_Neptune_cable_drums_from_foredeck.png
images/naval/013-Atlantic-Fleet-1920-jpg.jpg,naval,"File:Atlantic Fleet, 1920.jpg",Associated Press,Public domain,"https://commons.wikimedia.org/wiki/File:Atlantic_Fleet,_1920.jpg"
images/naval/016-Christening-USS-Batfish-png.png,naval,File:Christening USS Batfish.png,US Navy,Public domain,https://commons.wikimedia.org/wiki/File:Christening_USS_Batfish.png
images/naval/018-Deactivation-ceremony-for-Narwhal-TWR-842-jpg.jpg,naval,File:Deactivation ceremony for Narwhal (TWR-842).jpg,US Navy Mass Communications Specialist 2nd Class Kyle Carlstrom,Public domain,https://commons.wikimedia.org/wiki/File:Deactivation_ceremony_for_Narwhal_(TWR-842).jpg
images/naval/025-E-B-Hale-and-Stars-Stripes-fitting-out-1861-jpg.jpg,naval,"File:E. B. Hale and Stars & Stripes fitting out, 1861.jpg",Harper's Weekly,Public domain,"https://commons.wikimedia.org/wiki/File:E._B._Hale_and_Stars_%26_Stripes_fitting_out,_1861.jpg"
images/naval/028-Gunston-Hall-visits-Narvik-Norway-7157142-jpg.jpg,naval,"File:Gunston Hall visits Narvik, Norway (7157142).jpg",U.S. Navy USSGH-LSD44 by Seaman Keith Nowak,Public domain,"https://commons.wikimedia.org/wiki/File:Gunston_Hall_visits_Narvik,_Norway_(7157142).jpg"
images/naval/029-HMCS-St-Laurent-3rd-in-line-to-refuel-jpg.jpg,naval,File:HMCS St. Laurent 3rd in line to refuel.jpg,BrettA343,CC BY-SA 4.0,https://commons.wikimedia.org/wiki/File:HMCS_St._Laurent_3rd_in_line_to_refuel.jpg
images/aircraft/011-414th-Night-Fighter-Squadron-Bristol-Beaufighter-2-jpg.jpg,aircraft,File:414th Night Fighter Squadron Bristol Beaufighter 2.jpg,United States Army Air Forces,Public domain,https://commons.wikimedia.org/wiki/File:414th_Night_Fighter_Squadron_Bristol_Beaufighter_2.jpg
images/aircraft/012-415th-Night-Fighter-Squadron-Bristol-Beaufighter-jpg.jpg,aircraft,File:415th Night Fighter Squadron - Bristol Beaufighter.jpg,United States Army Air Forces,Public domain,https://commons.wikimedia.org/wiki/File:415th_Night_Fighter_Squadron_-_Bristol_Beaufighter.jpg
images/aircraft/013-422d-Night-Fighter-Squadron-Douglas-A-20-Havoc-jpg.jpg,aircraft,File:422d Night Fighter Squadron Douglas A-20 Havoc.jpg,United States Army Air Forces,Public domain,https://commons.wikimedia.org/wiki/File:422d_Night_Fighter_Squadron_Douglas_A-20_Havoc.jpg
images/aircraft/014-Beaufighter-Mk-VIF-X7579-night-fighter-prototype-with-centim.jpg,aircraft,File:Beaufighter Mk VIF X7579 night fighter prototype with centimetric AI radar.jpg,RAF photographer,Public domain,https://commons.wikimedia.org/wiki/File:Beaufighter_Mk_VIF_X7579_night_fighter_prototype_with_centimetric_AI_radar.jpg
images/aircraft/015-Bristol-Beaufighter-NAN15Dec43-jpg.jpg,aircraft,File:Bristol Beaufighter NAN15Dec43.jpg,U.S. Navy,Public domain,https://commons.wikimedia.org/wiki/File:Bristol_Beaufighter_NAN15Dec43.jpg
images/aircraft/016-Bundesarchiv-Bild-101I-667-7102A-06-Russland-Nachtj-ger-Junk.jpg,aircraft,"File:Bundesarchiv Bild 101I-667-7102A-06, Russland, Nachtjäger Junkers Ju 88.jpg",Volland,CC BY-SA 3.0 de,"https://commons.wikimedia.org/wiki/File:Bundesarchiv_Bild_101I-667-7102A-06,_Russland,_Nachtj%C3%A4ger_Junkers_Ju_88.jpg"
images/aircraft/017-DH113-Vampire-NF54-MM6152-6571289565-jpg.jpg,aircraft,File:DH113 Vampire NF54 MM6152 (6571289565).jpg,Alan Wilson,CC BY-SA 2.0,https://commons.wikimedia.org/wiki/File:DH113_Vampire_NF54_MM6152_(6571289565).jpg
images/aircraft/018-Dornier-Do-217N-night-fighter-in-1945-jpg.jpg,aircraft,File:Dornier Do 217N night fighter in 1945.jpg,Jeremy C. Scutts,Public domain,https://commons.wikimedia.org/wiki/File:Dornier_Do_217N_night_fighter_in_1945.jpg
images/aircraft/019-F2H-2N-VC-4-on-cat-USS-FD-Roosevelt-CVB-42-1950-jpg.jpg,aircraft,File:F2H-2N VC-4 on cat USS FD Roosevelt (CVB-42) 1950.jpg,USN,Public domain,https://commons.wikimedia.org/wiki/File:F2H-2N_VC-4_on_cat_USS_FD_Roosevelt_(CVB-42)_1950.jpg
images/aircraft/020-F2H-2N-VC-4-on-USS-FD-Roosevelt-CVB-42-1950-jpg.jpg,aircraft,File:F2H-2N VC-4 on USS FD Roosevelt (CVB-42) 1950.jpg,USN,Public domain,https://commons.wikimedia.org/wiki/File:F2H-2N_VC-4_on_USS_FD_Roosevelt_(CVB-42)_1950.jpg
images/aircraft/021-F3D-2-Skynight-of-VMF-N-513-maintenance-during-Korean-War-jp.jpg,aircraft,File:F3D-2 Skynight of VMF(N)-513 maintenance during Korean War.jpg,USN,Public domain,https://commons.wikimedia.org/wiki/File:F3D-2_Skynight_of_VMF(N)-513_maintenance_during_Korean_War.jpg
images/aircraft/022-F3D-2-VMFN-513-Kunsan-1953-jpg.jpg,aircraft,File:F3D-2 VMFN-513 Kunsan 1953.jpg,USN,Public domain,https://commons.wikimedia.org/wiki/File:F3D-2_VMFN-513_Kunsan_1953.jpg
images/aircraft/023-F3D-2-VMFN-513-Kunsan-radar1-1953-jpg.jpg,aircraft,File:F3D-2 VMFN-513 Kunsan radar1 1953.jpg,USN,Public domain,https://commons.wikimedia.org/wiki/File:F3D-2_VMFN-513_Kunsan_radar1_1953.jpg
images/aircraft/024-F7F-3N-VMFN-513-Wonsan-1952-jpg.jpg,aircraft,File:F7F-3N VMFN-513 Wonsan 1952.jpg,USN,Public domain,https://commons.wikimedia.org/wiki/File:F7F-3N_VMFN-513_Wonsan_1952.jpg
images/aircraft/025-F7F-3N-XMas-1950-Korea-jpeg.jpg,aircraft,File:F7F-3N XMas 1950 Korea.jpeg,"Camera Operator: MSgt. Charles D. Prindle, USMC",Public domain,https://commons.wikimedia.org/wiki/File:F7F-3N_XMas_1950_Korea.jpeg
images/aircraft/026-Foster-Mount-Avro504-jpg.jpg,aircraft,File:Foster Mount Avro504.jpg,Unknown authorUnknown author,Public domain,https://commons.wikimedia.org/wiki/File:Foster_Mount_Avro504.jpg
images/aircraft/027-G4M-J1N-67s-jpg.jpg,aircraft,File:G4M-J1N-67s.jpg,unknown,Public domain,https://commons.wikimedia.org/wiki/File:G4M-J1N-67s.jpg
images/aircraft/028-Most-numerous-fighter-jet-in-each-country-png.png,aircraft,File:Most numerous fighter jet in each country.png,Map Chart,CC BY-SA 4.0,https://commons.wikimedia.org/wiki/File:Most_numerous_fighter_jet_in_each_country.png
images/aircraft/029-Samoloty-mysliwskie-1945-73569716-jpg.jpg,aircraft,File:Samoloty mysliwskie. 1945 (73569716).jpg,Unknown authorUnknown author,Public domain,https://commons.wikimedia.org/wiki/File:Samoloty_mysliwskie._1945_(73569716).jpg
images/aircraft/030-Vindkast-Mk-2E2-jpg.jpg,aircraft,File:Vindkast Mk.2E2.jpg,SgtRL-3,CC BY-SA 4.0,https://commons.wikimedia.org/wiki/File:Vindkast_Mk.2E2.jpg
images/drone/024-Aerial-shot-over-the-University-of-Otago-2024-jpg.jpg,drone,File:Aerial shot over the University of Otago 2024.jpg,ArtNewNZ,CC BY-SA 4.0,https://commons.wikimedia.org/wiki/File:Aerial_shot_over_the_University_of_Otago_2024.jpg
images/drone/025-CDFP-Runway-jpg.jpg,drone,File:CDFP Runway.jpg,Kumar Neetesh,CC BY-SA 4.0,https://commons.wikimedia.org/wiki/File:CDFP_Runway.jpg
images/drone/026-Customized-Industrial-Drones-jpg.jpg,drone,File:Customized Industrial Drones.jpg,Dineshvdh,CC BY-SA 4.0,https://commons.wikimedia.org/wiki/File:Customized_Industrial_Drones.jpg
images/drone/027-D1L-Duck-drone-png.png,drone,File:D1L Duck drone.png,Wikideas1,CC0,https://commons.wikimedia.org/wiki/File:D1L_Duck_drone.png
images/drone/028-Delaer-RX3-drawing-png.png,drone,File:Delaer-RX3 drawing.png,Kompikos,CC BY-SA 4.0,https://commons.wikimedia.org/wiki/File:Delaer-RX3_drawing.png
images/drone/029-Delivery-of-a-defibrillator-jpg.jpg,drone,File:Delivery of a defibrillator.jpg,M. Hohenthal,CC BY 4.0,https://commons.wikimedia.org/wiki/File:Delivery_of_a_defibrillator.jpg
images/drone/030-DHS-Secretary-Alejandro-Mayorkas-Departs-Panama-528-jpg.jpg,drone,File:DHS Secretary Alejandro Mayorkas Departs Panama - 528.jpg,DHSgov,Public domain,https://commons.wikimedia.org/wiki/File:DHS_Secretary_Alejandro_Mayorkas_Departs_Panama_-_528.jpg
images/military-vehicle/023-Blijmoedig-den-vijand-tegemoet-Van-het-Werfkantoor-naar-de-L.jpg,military-vehicle,"File:Blijmoedig den vijand tegemoet Van het Werfkantoor naar de Loopgraven, blz. 22 en 23 (13761090084).jpg","Christian van der Ven from 's-Hertogenbosch, Netherlands",CC BY 2.0,"https://commons.wikimedia.org/wiki/File:Blijmoedig_den_vijand_tegemoet_Van_het_Werfkantoor_naar_de_Loopgraven,_blz._22_en_23_(13761090084).jpg"
images/military-vehicle/024-T-84-478DU9-driver-station-interior-jpg.jpg,military-vehicle,File:T-84 478DU9 driver station interior.jpg,Unknown authorUnknown author,CC0,https://commons.wikimedia.org/wiki/File:T-84_478DU9_driver_station_interior.jpg
images/military-vehicle/025-T-84-478DU9-turret-composite-armor-cross-section-png.png,military-vehicle,File:T-84 478DU9 turret composite armor cross section.png,Unknown authorUnknown author,CC0,https://commons.wikimedia.org/wiki/File:T-84_478DU9_turret_composite_armor_cross_section.png
images/military-vehicle/026-1-jpg.jpg,military-vehicle,File:دبابة كفيل 1.jpg,Notfoundiq,CC BY-SA 4.0,https://commons.wikimedia.org/wiki/File:%D8%AF%D8%A8%D8%A7%D8%A8%D8%A9_%D9%83%D9%81%D9%8A%D9%84_1.jpg
images/military-vehicle/027-BAHNA-2018-026-jpg.jpg,military-vehicle,File:BAHNA 2018 - 026.jpg,Adam Hauner,CC BY-SA 4.0,https://commons.wikimedia.org/wiki/File:BAHNA_2018_-_026.jpg
images/military-vehicle/028-Belgrade-Military-Museum-PzKpfw-35-t-JPG.jpg,military-vehicle,File:Belgrade Military Museum - PzKpfw 35(t).JPG,Pudelek (Marcin Szala),CC BY-SA 3.0,https://commons.wikimedia.org/wiki/File:Belgrade_Military_Museum_-_PzKpfw_35(t).JPG
images/military-vehicle/029-Belgrade-Military-Museum-Renault-FT-17-JPG.jpg,military-vehicle,File:Belgrade Military Museum - Renault FT-17.JPG,Pudelek (Marcin Szala),CC BY-SA 3.0,https://commons.wikimedia.org/wiki/File:Belgrade_Military_Museum_-_Renault_FT-17.JPG
images/military-vehicle/030-Brest-Fortress-T-44-2024-09-19-3744-jpg.jpg,military-vehicle,File:Brest Fortress T-44 2024-09-19 3744.jpg,Mike1979 Russia,CC BY-SA 3.0,https://commons.wikimedia.org/wiki/File:Brest_Fortress_T-44_2024-09-19_3744.jpg
images/naval/017-Giovanni-Bausan-and-fleet-in-Hudson-R-N-Y-14868394968-jpg.jpg,naval,File:'Giovanni Bausan' and fleet in Hudson R. N.Y. (14868394968).jpg,SMU Central University Libraries,No restrictions,https://commons.wikimedia.org/wiki/File:%27Giovanni_Bausan%27_and_fleet_in_Hudson_R._N.Y._(14868394968).jpg
images/naval/018-British-Vessels-captured-while-trying-to-run-the-Blockade-jp.jpg,naval,File:British Vessels captured while trying to run the Blockade.jpg,www.navsource.org & www.history.navy.mil,Public domain,https://commons.wikimedia.org/wiki/File:British_Vessels_captured_while_trying_to_run_the_Blockade.jpg
images/naval/019-Capture-of-USS-Isaac-Smith-jpg.jpg,naval,File:Capture of USS Isaac Smith.jpg,www.ebay.com,CC BY-SA 4.0,https://commons.wikimedia.org/wiki/File:Capture_of_USS_Isaac_Smith.jpg
images/naval/020-CSA-cottonclads-rams-captures-United-States-Sloop-Morning-Li.jpg,naval,File:CSA cottonclads rams captures United States Sloop Morning Light.jpg,civilwartalk.com,Public domain,https://commons.wikimedia.org/wiki/File:CSA_cottonclads_rams_captures_United_States_Sloop_Morning_Light.jpg
images/naval/022-General-Burnside-s-Expedition-Fort-Bartow-Roanoke-Island-aft.jpg,naval,"File:General Burnside's Expeditionː Fort Bartow, Roanoke Island, after its capture by the Federalists. The Civil War in America - ILN-1862-0322-0017 (cropped).jpg",Richard Principal Leitch / After Frank Vizetelly,Public domain,"https://commons.wikimedia.org/wiki/File:General_Burnside%27s_Expedition%CB%90_Fort_Bartow,_Roanoke_Island,_after_its_capture_by_the_Federalists._The_Civil_War_in_America_-_ILN-1862-0322-0017_(cropped).jpg"
images/naval/023-Governor-Milton-jpg.jpg,naval,File:Governor Milton.jpg,Frank Leslie's Illustrated Newspaper,Public domain,https://commons.wikimedia.org/wiki/File:Governor_Milton.jpg
images/naval/024-IJ-Afgesloten-foto-60-Jacob-Olie-max-res-jpg.jpg,naval,"File:IJ (Afgesloten), foto 60 Jacob Olie (max res).jpg",Jacob Olie,Public domain,"https://commons.wikimedia.org/wiki/File:IJ_(Afgesloten),_foto_60_Jacob_Olie_(max_res).jpg"
images/naval/025-IJ-Afgesloten-foto-61-Jacob-Olie-max-res-jpg.jpg,naval,"File:IJ (Afgesloten), foto 61 Jacob Olie (max res).jpg",Jacob Olie,Public domain,"https://commons.wikimedia.org/wiki/File:IJ_(Afgesloten),_foto_61_Jacob_Olie_(max_res).jpg"
images/naval/026-LC-DIG-CWPB-03829-17115225447-jpg.jpg,naval,File:LC-DIG-CWPB-03829 (17115225447).jpg,National Museum of the U.S. Navy,Public domain,https://commons.wikimedia.org/wiki/File:LC-DIG-CWPB-03829_(17115225447).jpg
images/naval/027-Little-Rebel-jpg.jpg,naval,File:Little Rebel.jpg,Cowan's,CC BY-SA 4.0,https://commons.wikimedia.org/wiki/File:Little_Rebel.jpg
images/naval/028-Map-of-the-Site-of-Capture-of-Steamer-Bat-by-USS-Montgomery.jpg,naval,File:Map of the Site of Capture of Steamer Bat by USS Montgomery - NARA - 6925471.jpg,Unknown authorUnknown author or not provided,Public domain,https://commons.wikimedia.org/wiki/File:Map_of_the_Site_of_Capture_of_Steamer_Bat_by_USS_Montgomery_-_NARA_-_6925471.jpg
images/naval/029-McDougall-Duluthshipyard-jpg.jpg,naval,File:McDougall-Duluthshipyard.jpg,Alexander McDougall (Life time: 1919),Public domain,https://commons.wikimedia.org/wiki/File:McDougall-Duluthshipyard.jpg
images/naval/030-McDougall-Duluthshipyard2-jpg.jpg,naval,File:McDougall-Duluthshipyard2.jpg,Alexander McDougall (Life time: 1918),Public domain,https://commons.wikimedia.org/wiki/File:McDougall-Duluthshipyard2.jpg
images/naval/032-Menatonon-YTB-254-jpg.jpg,naval,File:Menatonon(YTB-254).jpg,US Navy,Public domain,https://commons.wikimedia.org/wiki/File:Menatonon(YTB-254).jpg
