file_name,category
images/aircraft/001-F-22-Flaring-Cherry-Festival-jpg.jpg,aircraft
images/aircraft/002-GeoFS-F22-Raptor-png.png,aircraft
images/aircraft/003-GeoFS-FA18-Super-Hornet-png.png,aircraft
images/aircraft/004-HALTEDBFAeroindia2021-png.png,aircraft
images/aircraft/005-Havac-l-k-ve-Uzay-jpg.jpg,aircraft
images/aircraft/006-J50MOCKUP-jpg.jpg,aircraft
images/aircraft/007-MiG-29K-9-41-jpg.jpg,aircraft
images/aircraft/008-Mikoyan-Gurevich-MiG-21-2026-01-17-jpg.jpg,aircraft
images/aircraft/011-414th-Night-Fighter-Squadron-Bristol-Beaufighter-2-jpg.jpg,aircraft
images/aircraft/011-SGR-01-png.png,aircraft
images/aircraft/012-415th-Night-Fighter-Squadron-Bristol-Beaufighter-jpg.jpg,aircraft
images/aircraft/012-Su-47Zhukovsky-International-Airport-png.png,aircraft
images/aircraft/013-422d-Night-Fighter-Squadron-Douglas-A-20-Havoc-jpg.jpg,aircraft
images/aircraft/014-Beaufighter-Mk-VIF-X7579-night-fighter-prototype-with-centim.jpg,aircraft
images/aircraft/015-Bristol-Beaufighter-NAN15Dec43-jpg.jpg,aircraft
images/aircraft/016-Bundesarchiv-Bild-101I-667-7102A-06-Russland-Nachtj-ger-Junk.jpg,aircraft
images/aircraft/017-DH113-Vampire-NF54-MM6152-6571289565-jpg.jpg,aircraft
images/aircraft/018-Dornier-Do-217N-night-fighter-in-1945-jpg.jpg,aircraft
images/aircraft/019-F2H-2N-VC-4-on-cat-USS-FD-Roosevelt-CVB-42-1950-jpg.jpg,aircraft
images/aircraft/020-F2H-2N-VC-4-on-USS-FD-Roosevelt-CVB-42-1950-jpg.jpg,aircraft
images/aircraft/021-F3D-2-Skynight-of-VMF-N-513-maintenance-during-Korean-War-jp.jpg,aircraft
images/aircraft/022-F3D-2-VMFN-513-Kunsan-1953-jpg.jpg,aircraft
images/aircraft/023-F3D-2-VMFN-513-Kunsan-radar1-1953-jpg.jpg,aircraft
images/aircraft/024-F7F-3N-VMFN-513-Wonsan-1952-jpg.jpg,aircraft
images/aircraft/025-F7F-3N-XMas-1950-Korea-jpeg.jpg,aircraft
images/aircraft/026-Foster-Mount-Avro504-jpg.jpg,aircraft
images/aircraft/027-G4M-J1N-67s-jpg.jpg,aircraft
images/aircraft/028-Most-numerous-fighter-jet-in-each-country-png.png,aircraft
images/aircraft/029-Samoloty-mysliwskie-1945-73569716-jpg.jpg,aircraft
images/aircraft/030-Vindkast-Mk-2E2-jpg.jpg,aircraft
images/drone/002-22-B-Log-L-Aerom-vel-Drone-jpg.jpg,drone
images/drone/003-3D-Printed-Precision-U-S-Army-Leverages-FPV-and-Delivery-Dro.jpg,drone
images/drone/004-3D-Printed-Precision-U-S-Army-Leverages-FPV-and-Delivery-Dro.jpg,drone
images/drone/005-A-drone-hovers-above-a-quiet-suburban-street-jpg.jpg,drone
images/drone/006-A-drone-hovers-in-mid-air-while-an-individual-stands-nearby.jpg,drone
images/drone/007-A-drone-is-airborne-above-a-bright-yellow-building-in-a-resi.jpg,drone
images/drone/009-A-person-stands-on-a-sidewalk-using-a-drone-controller-to-na.jpg,drone
images/drone/010-A-team-of-technicians-prepares-for-the-inaugural-flight-of-a.jpg,drone
images/drone/012-Aerodyne-drone-1-jpg.jpg,drone
images/drone/013-AI-Expo-2025-9100340-jpg.jpg,drone
images/drone/014-Albatroz-na-Drone-Show-jpg.jpg,drone
images/drone/015-Am-Rand-des-Eises-Philipp-Egger-jpg.jpg,drone
images/drone/016-Antigravity-A1-Drone-jpg.jpg,drone
images/drone/017-BETA-UAS-Omnibe-jpg.jpg,drone
images/drone/022-CDFP-Windtunnel-jpg.jpg,drone
images/drone/023-CDRW-on-Runway-png.png,drone
images/drone/024-Aerial-shot-over-the-University-of-Otago-2024-jpg.jpg,drone
images/drone/024-CenturaMunicipiuluiSatu-Mare-png.png,drone
images/drone/025-CDFP-Runway-jpg.jpg,drone
images/drone/025-CEREMONIA-MILITAR-DE-ENTREGA-DE-EQUIPAMIENTO-A-LAS-FUERZAS-A.jpg,drone
images/drone/026-Cintami-agung-putra-jpg.jpg,drone
images/drone/026-Customized-Industrial-Drones-jpg.jpg,drone
images/drone/027-Close-up-of-a-drone-flying-with-people-in-a-blurry-backgroun.jpg,drone
images/drone/027-D1L-Duck-drone-png.png,drone
images/drone/028-Concise-en-drone-01-jpg.jpg,drone
images/drone/028-Delaer-RX3-drawing-png.png,drone
images/drone/029-Concise-en-drone-02-jpg.jpg,drone
images/drone/029-Delivery-of-a-defibrillator-jpg.jpg,drone
images/drone/030-Craig-Milliard-Xwing-flight-test-manager-monitors-an-autonom.jpg,drone
images/drone/030-DHS-Secretary-Alejandro-Mayorkas-Departs-Panama-528-jpg.jpg,drone
images/helicopter/001-1-214th-General-Support-Aviation-Battalion-Aerial-Gunnery-Qu.jpg,helicopter
images/helicopter/002-1-214th-General-Support-Aviation-Battalion-Aerial-Gunnery-Qu.jpg,helicopter
images/helicopter/003-10th-SFG-A-during-Trojan-Footprint-24-8305890-jpg.jpg,helicopter
images/helicopter/004-10th-SFG-A-during-Trojan-Footprint-24-8305901-jpg.jpg,helicopter
images/helicopter/005-10th-SFG-A-during-Trojan-Footprint-24-8305914-jpg.jpg,helicopter
images/helicopter/006-130714-O-ZZ999-003-AU-9305239467-jpg.jpg,helicopter
images/helicopter/007-170708-N-WY954-210-cropped-jpg.jpg,helicopter
images/helicopter/008-1st-CAB-and-NATO-eFP-Battle-Group-Latvia-Conducts-Joint-Forc.jpg,helicopter
images/helicopter/009-1st-CAB-and-NATO-eFP-Battle-Group-Latvia-Conducts-Joint-Forc.jpg,helicopter
images/helicopter/010-25th-Polish-Air-Cavalry-Brigade-Leader-Engagement-8428960-jp.jpg,helicopter
images/helicopter/011-3-2-Soldiers-conduct-MEDEVAC-training-with-Polish-15th-MB-62.jpg,helicopter
images/helicopter/012-36-AS-JGSDF-conduct-airdrops-over-Sendai-8583881-jpg.jpg,helicopter
images/helicopter/013-AFN-Bavaria-Tours-Hohenfels-Training-Area-7658304-jpg.jpg,helicopter
images/helicopter/014-Army-Aviation-and-Allied-Partners-Conduct-Media-Day-in-Finla.jpg,helicopter
images/helicopter/015-Army-Aviation-and-Allied-Partners-Conduct-Media-Day-in-Finla.jpg,helicopter
images/helicopter/016-Army-Aviation-and-Allied-Partners-Conduct-Media-Day-in-Finla.jpg,helicopter
images/helicopter/017-Army-Aviation-and-Allied-Partners-Conduct-Media-Day-in-Finla.jpg,helicopter
images/helicopter/018-Army-Aviation-and-Allied-Partners-Conduct-Media-Day-in-Finla.jpg,helicopter
images/helicopter/019-Army-Aviation-Conducts-Cultural-Exchange-Flight-in-Finland-7.jpg,helicopter
images/helicopter/020-Army-Aviation-Conducts-Cultural-Exchange-Flight-in-Finland-7.jpg,helicopter
images/helicopter/021-Army-Aviation-Conducts-Cultural-Exchange-Flight-in-Finland-7.jpg,helicopter
images/helicopter/022-Bulgariain-special-operations-forces-soldier-fastlines-durin.jpg,helicopter
images/helicopter/023-CH-47-Chinook-Training-7348877-jpg.jpg,helicopter
images/helicopter/024-Danish-Sailors-Visit-USS-Wasp-LHD-1-8474793-jpg.jpg,helicopter
images/helicopter/025-Defender-Europe-22-Multi-National-STX-7253528-jpg.jpg,helicopter
images/helicopter/026-European-Best-Sniper-Team-Competition-2024-8573682-jpg.jpg,helicopter
images/helicopter/027-Exercise-Northern-Strike-2025-in-Michigan-August-2025-14-jpg.jpg,helicopter
images/helicopter/028-Kalundborg-port-operation-for-DEFENDER-24-8360284-jpg.jpg,helicopter
images/helicopter/029-KFOR-RC-E-Aviation-conducts-multiship-training-6323039-jpg.jpg,helicopter
images/helicopter/030-Saber-Junction-24-8617881-jpg.jpg,helicopter
images/military-vehicle/001-A-huge-motorized-Soviet-convoy-advances-across-the-Grand-Khi.png,military-vehicle
images/military-vehicle/003-Gunners-conduct-rearm-refuel-and-resupply-point-R3P-LPD-9822.jpg,military-vehicle
images/military-vehicle/004-HSTVL-jpg.jpg,military-vehicle
images/military-vehicle/005-Landsverk-L-60-at-Collins-Barracks-jpg.jpg,military-vehicle
images/military-vehicle/007-Object-184-3-T-72B3-RAE-2013-jpg.jpg,military-vehicle
images/military-vehicle/011-AlfredPalmerM3tank1942b-jpg.jpg,military-vehicle
images/military-vehicle/012-BMP-1-Zlot-Dar-owo-2009-JPG.jpg,military-vehicle
images/military-vehicle/013-Crew-of-a-Sherman-tank-south-of-Vaucelles-jpg.jpg,military-vehicle
images/military-vehicle/014-Dutch-Panzerhaubitz-fires-in-Afghanistan-jpg.jpg,military-vehicle
images/military-vehicle/016-2014-Stepanakert-Czo-g-T-72-01-jpg.jpg,military-vehicle
images/military-vehicle/017-2014-Stepanakert-Czo-g-T-72-03-jpg.jpg,military-vehicle
images/military-vehicle/020-At-Museo-Hist-rico-Militar-de-Canarias-2023-419-jpg.jpg,military-vehicle
images/military-vehicle/021-At-Museum-of-American-Armor-2024-087-jpg.jpg,military-vehicle
images/military-vehicle/022-At-Museum-of-American-Armor-2024-090-Tiger-I-jpg.jpg,military-vehicle
images/military-vehicle/023-At-Museum-of-American-Armor-2024-096-BA-64-jpg.jpg,military-vehicle
images/military-vehicle/023-Blijmoedig-den-vijand-tegemoet-Van-het-Werfkantoor-naar-de-L.jpg,military-vehicle
images/military-vehicle/024-At-Museum-of-American-Armor-2024-099-Tiger-I-jpg.jpg,military-vehicle
images/military-vehicle/024-T-84-478DU9-driver-station-interior-jpg.jpg,military-vehicle
images/military-vehicle/025-At-Museum-of-American-Armor-2024-106-jpg.jpg,military-vehicle
images/military-vehicle/025-T-84-478DU9-turret-composite-armor-cross-section-png.png,military-vehicle
images/military-vehicle/026-1-jpg.jpg,military-vehicle
images/military-vehicle/026-At-Museum-of-American-Armor-2024-107-jpg.jpg,military-vehicle
images/military-vehicle/027-At-Museum-of-American-Armor-2024-114-jpg.jpg,military-vehicle
images/military-vehicle/027-BAHNA-2018-026-jpg.jpg,military-vehicle
images/military-vehicle/028-BAHNA-2018-017-jpg.jpg,military-vehicle
images/military-vehicle/028-Belgrade-Military-Museum-PzKpfw-35-t-JPG.jpg,military-vehicle
images/military-vehicle/029-BAHNA-2018-023-jpg.jpg,military-vehicle
images/military-vehicle/029-Belgrade-Military-Museum-Renault-FT-17-JPG.jpg,military-vehicle
images/military-vehicle/030-BAHNA-2018-024-crop-jpg.jpg,military-vehicle
images/military-vehicle/030-Brest-Fortress-T-44-2024-09-19-3744-jpg.jpg,military-vehicle
images/naval/002-200-S-KWG-31-18392362796-jpg.jpg,naval
images/naval/003-200-S-KWG-33-17796112674-jpg.jpg,naval
images/naval/004-200-S-KWG-35-18230940858-jpg.jpg,naval
images/naval/005-20151023-PRTN-2590P-027-2-22421009232-jpg.jpg,naval
images/naval/006-A-CARINA-undersea-glider-is-prepared-for-launch-aboard-a-mul.jpg,naval
images/naval/008-Amerikaanse-torpedojagers-Pardy-en-Bristol-te-Amsterdam-Best.jpg,naval
images/naval/009-Amerikaanse-torpedojagers-Pardy-en-Bristol-te-Amsterdam-Best.jpg,naval
images/naval/010-Amerikaanse-torpedojagers-Pardy-en-Bristol-te-Amsterdam-Best.jpg,naval
images/naval/011-ARC-2-Neptune-cable-drums-below-deck-png.png,naval
images/naval/012-ARC-2-Neptune-cable-drums-from-foredeck-png.png,naval
images/naval/013-Atlantic-Fleet-1920-jpg.jpg,naval
images/naval/016-Christening-USS-Batfish-png.png,naval
images/naval/017-Giovanni-Bausan-and-fleet-in-Hudson-R-N-Y-14868394968-jpg.jpg,naval
images/naval/018-British-Vessels-captured-while-trying-to-run-the-Blockade-jp.jpg,naval
images/naval/018-Deactivation-ceremony-for-Narwhal-TWR-842-jpg.jpg,naval
images/naval/019-Capture-of-USS-Isaac-Smith-jpg.jpg,naval
images/naval/020-CSA-cottonclads-rams-captures-United-States-Sloop-Morning-Li.jpg,naval
images/naval/022-General-Burnside-s-Expedition-Fort-Bartow-Roanoke-Island-aft.jpg,naval
images/naval/023-Governor-Milton-jpg.jpg,naval
images/naval/024-IJ-Afgesloten-foto-60-Jacob-Olie-max-res-jpg.jpg,naval
images/naval/025-E-B-Hale-and-Stars-Stripes-fitting-out-1861-jpg.jpg,naval
images/naval/025-IJ-Afgesloten-foto-61-Jacob-Olie-max-res-jpg.jpg,naval
images/naval/026-LC-DIG-CWPB-03829-17115225447-jpg.jpg,naval
images/naval/027-Little-Rebel-jpg.jpg,naval
images/naval/028-Gunston-Hall-visits-Narvik-Norway-7157142-jpg.jpg,naval
images/naval/028-Map-of-the-Site-of-Capture-of-Steamer-Bat-by-USS-Montgomery.jpg,naval
images/naval/029-HMCS-St-Laurent-3rd-in-line-to-refuel-jpg.jpg,naval
images/naval/029-McDougall-Duluthshipyard-jpg.jpg,naval
images/naval/030-McDougall-Duluthshipyard2-jpg.jpg,naval
images/naval/032-Menatonon-YTB-254-jpg.jpg,naval
